{
    "model": {
        "type": "minecraft:range_dispatch",
        "property": "minecraft:custom_model_data",
        "entries": [
            {
                "threshold": 1,
                "model": {
                    "type": "minecraft:model",
                    "model": "minecraft:item/ladder/ladder_1"
                }
            },
            {
                "threshold": 2,
                "model": {
                    "type": "minecraft:model",
                    "model": "minecraft:item/ladder/ladder_2"
                }
            },
            {
                "threshold": 4,
                "model": {
                    "type": "minecraft:model",
                    "model": "minecraft:item/ladder/ladder_4"
                }
            },
            {
                "threshold": 8,
                "model": {
                    "type": "minecraft:model",
                    "model": "minecraft:item/ladder/ladder_8"
                }
            },
            {
                "threshold": 12,
                "model": {
                    "type": "minecraft:model",
                    "model": "minecraft:item/ladder/ladder_12"
                }
            }
        ],
        "fallback": {
            "type": "minecraft:model",
            "model": "minecraft:item/ladder"
        }
    }
}
