{
    "model": {
        "type": "minecraft:range_dispatch",
        "property": "minecraft:custom_model_data",
        "entries": [
            {
                "threshold": 404,
                "model": {
                    "type": "minecraft:model",
                    "model": "minecraft:item/invisible"
                }
            }
        ],
        "fallback": {
            "type": "minecraft:model",
            "model": "minecraft:item/light_gray_stained_glass_pane"
        }
    }
}
