{
    "model": {
        "type": "minecraft:range_dispatch",
        "property": "minecraft:custom_model_data",
        "entries": [
            {
                "threshold": 1,
                "model": {
                    "type": "minecraft:model",
                    "model": "minecraft:item/powerup/absorption"
                }
            },
            {
                "threshold": 2,
                "model": {
                    "type": "minecraft:model",
                    "model": "minecraft:item/powerup/overcharge"
                }
            },
            {
                "threshold": 3,
                "model": {
                    "type": "minecraft:model",
                    "model": "minecraft:item/powerup/ammo"
                }
            }
        ],
        "fallback": {
            "type": "minecraft:model",
            "model": "minecraft:item/netherite_upgrade_smithing_template"
        }
    }
}
