{
    "model": {
        "type": "minecraft:range_dispatch",
        "property": "minecraft:custom_model_data",
        "entries": [
            {
                "threshold": 2,
                "model": {
                    "type": "minecraft:special",
                    "base": "minecraft:item/player_icon",
                    "model": {
                        "type": "minecraft:head",
                        "kind": "player"
                    }
                }
            },
            {
                "threshold": 3,
                "model": {
                    "type": "minecraft:special",
                    "base": "minecraft:item/player_icon_large",
                    "model": {
                        "type": "minecraft:head",
                        "kind": "player"
                    }
                }
            },
            {
                "threshold": 4,
                "model": {
                    "type": "minecraft:special",
                    "base": "minecraft:item/player_icon_small",
                    "model": {
                        "type": "minecraft:head",
                        "kind": "player"
                    }
                }
            }
        ],
        "fallback": {
            "type": "minecraft:special",
            "base": "minecraft:item/template_skull",
            "model": {
                "type": "minecraft:head",
                "kind": "player"
            }
        }
    }
}
