{
    "model": {
        "type": "minecraft:range_dispatch",
        "property": "minecraft:custom_model_data",
        "entries": [
            {
                "threshold": 2,
                "model": {
                    "type": "minecraft:special",
                    "base": "minecraft:item/player_icon",
                    "model": {
                        "type": "minecraft:head",
                        "kind": "player"
                    }
                }
            },
            {
                "threshold": 3,
                "model": {
                    "type": "minecraft:special",
                    "base": "minecraft:item/player_icon_large",
                    "model": {
                        "type": "minecraft:head",
                        "kind": "player"
                    }
                }
            },
            {
                "threshold": 4,
                "model": {
                    "type": "minecraft:special",
                    "base": "minecraft:item/player_icon_small",
                    "model": {
                        "type": "minecraft:head",
                        "kind": "player"
                    }
                }
            },
            {
                "threshold": 101,
                "model": {
                    "type": "minecraft:special",
                    "base": "minecraft:item/leaderboard/player_icon_1",
                    "model": {
                        "type": "minecraft:head",
                        "kind": "player"
                    }
                }
            },
            {
                "threshold": 102,
                "model": {
                    "type": "minecraft:special",
                    "base": "minecraft:item/leaderboard/player_icon_2",
                    "model": {
                        "type": "minecraft:head",
                        "kind": "player"
                    }
                }
            },
            {
                "threshold": 103,
                "model": {
                    "type": "minecraft:special",
                    "base": "minecraft:item/leaderboard/player_icon_3",
                    "model": {
                        "type": "minecraft:head",
                        "kind": "player"
                    }
                }
            },
            {
                "threshold": 104,
                "model": {
                    "type": "minecraft:special",
                    "base": "minecraft:item/leaderboard/player_icon_4",
                    "model": {
                        "type": "minecraft:head",
                        "kind": "player"
                    }
                }
            },
            {
                "threshold": 105,
                "model": {
                    "type": "minecraft:special",
                    "base": "minecraft:item/leaderboard/player_icon_5",
                    "model": {
                        "type": "minecraft:head",
                        "kind": "player"
                    }
                }
            },
            {
                "threshold": 106,
                "model": {
                    "type": "minecraft:special",
                    "base": "minecraft:item/leaderboard/player_icon_6",
                    "model": {
                        "type": "minecraft:head",
                        "kind": "player"
                    }
                }
            },
            {
                "threshold": 107,
                "model": {
                    "type": "minecraft:special",
                    "base": "minecraft:item/leaderboard/player_icon_7",
                    "model": {
                        "type": "minecraft:head",
                        "kind": "player"
                    }
                }
            },
            {
                "threshold": 108,
                "model": {
                    "type": "minecraft:special",
                    "base": "minecraft:item/leaderboard/player_icon_8",
                    "model": {
                        "type": "minecraft:head",
                        "kind": "player"
                    }
                }
            },
            {
                "threshold": 109,
                "model": {
                    "type": "minecraft:special",
                    "base": "minecraft:item/leaderboard/player_icon_9",
                    "model": {
                        "type": "minecraft:head",
                        "kind": "player"
                    }
                }
            },
            {
                "threshold": 110,
                "model": {
                    "type": "minecraft:special",
                    "base": "minecraft:item/leaderboard/player_icon_10",
                    "model": {
                        "type": "minecraft:head",
                        "kind": "player"
                    }
                }
            }
        ],
        "fallback": {
            "type": "minecraft:special",
            "base": "minecraft:item/template_skull",
            "model": {
                "type": "minecraft:head",
                "kind": "player"
            }
        }
    }
}