{
    "model": {
        "type": "minecraft:range_dispatch",
        "property": "minecraft:custom_model_data",
        "entries": [
            {
                "threshold": 1,
                "model": {
                    "type": "minecraft:model",
                    "model": "minecraft:voidling/grappling_hook"
                }
            },

            {
                "threshold": 2,
                "model": {
                    "type": "minecraft:model",
                    "model": "minecraft:item/map_object/brexit"
                }
            },
            

            {
                "threshold": 100,
                "model": {
                    "type": "minecraft:model",
                    "model": "minecraft:voidling/eye_core"
                }
            },

            {
                "threshold": 101,
                "model": {
                    "type": "minecraft:model",
                    "model": "minecraft:voidling/background_1"
                }
            },

            {
                "threshold": 111,
                "model": {
                    "type": "minecraft:model",
                    "model": "minecraft:voidling/pupil_normal"
                }
            },

            {
                "threshold": 112,
                "model": {
                    "type": "minecraft:model",
                    "model": "minecraft:voidling/pupil_alert"
                }
            }

        ],
        "fallback": {
            "type": "minecraft:model",
            "model": "minecraft:item/sunflower"
        }
    }
}
