{
    "model": {
        "type": "minecraft:range_dispatch",
        "property": "minecraft:custom_model_data",
        "entries": [
            {
                "threshold": 1,
                "model": {
                    "type": "minecraft:model",
                    "model": "minecraft:item/gun_placeholder"
                }
            },

            {
                "threshold": 2,
                "model": {
                    "type": "minecraft:model",
                    "model": "minecraft:item/wooden_hoe"
                }
            }
        ],
        "fallback": {
            "type": "minecraft:model",
            "model": "minecraft:item/wooden_hoe"
        }
    }
}
