{
  "variants": {
    "facing=north,half=top,open=false": {
      "model": "minecraft:block/ceiling_tile"
    },
    "facing=north,half=top,open=true": {
      "model": "minecraft:block/ceiling_tile"
    },
    "facing=south,half=top,open=false,powered=false": {
      "model": "minecraft:block/ceiling_light"
    },
    "facing=south,half=top,open=true,powered=false": {
      "model": "minecraft:block/ceiling_light"
    },
    "facing=south,half=top,open=false,powered=true": {
      "model": "minecraft:block/ceiling_light_off"
    },
    "facing=south,half=top,open=true,powered=true": {
      "model": "minecraft:block/ceiling_light_off"
    },
    "facing=west,half=top,open=false,powered=false": {
      "model": "minecraft:block/ceiling_light_flicker_1"
    },
    "facing=west,half=top,open=true,powered=false": {
      "model": "minecraft:block/ceiling_light_flicker_1"
    },
    "facing=east,half=top,open=false,powered=false": {
      "model": "minecraft:block/ceiling_light_flicker_2"
    },
    "facing=east,half=top,open=true,powered=false": {
      "model": "minecraft:block/ceiling_light_flicker_2"
    },
    "facing=west,half=top,open=false,powered=true": {
      "model": "minecraft:block/ceiling_light_flicker_3"
    },
    "facing=west,half=top,open=true,powered=true": {
      "model": "minecraft:block/ceiling_light_flicker_3"
    },
    "facing=east,half=top,open=false,powered=true": {
      "model": "minecraft:block/ceiling_light_flicker_4"
    },
    "facing=east,half=top,open=true,powered=true": {
      "model": "minecraft:block/ceiling_light_flicker_4"
    },
    "facing=east,half=bottom,open=false": {
      "model": "minecraft:block/copper_trapdoor_bottom"
    },
    "facing=east,half=bottom,open=true": {
      "model": "minecraft:block/copper_trapdoor_open",
      "y": 90
    },
    "facing=north,half=bottom,open=false": {
      "model": "minecraft:block/copper_trapdoor_bottom"
    },
    "facing=north,half=bottom,open=true": {
      "model": "minecraft:block/copper_trapdoor_open"
    },
    "facing=south,half=bottom,open=false": {
      "model": "minecraft:block/copper_trapdoor_bottom"
    },
    "facing=south,half=bottom,open=true": {
      "model": "minecraft:block/copper_trapdoor_open",
      "y": 180
    },
    "facing=west,half=bottom,open=false": {
      "model": "minecraft:block/copper_trapdoor_bottom"
    },
    "facing=west,half=bottom,open=true": {
      "model": "minecraft:block/copper_trapdoor_open",
      "y": 270
    }
  }
}