{
	"format_version": "1.21.6",
	"credit": "Made with Blockbench",
	"texture_size": [35, 35],
	"textures": {
		"0": "item/map_object/brexit",
		"1": "item/invis",
		"particle": "item/voidling/eyelash_anim"
	},
	"elements": [
		{
			"from": [0, 0, 8],
			"to": [16, 16, 8],
			"shade": false,
			"light_emission": 15,
			"faces": {
				"north": {"uv": [0, 0, 16, 16], "texture": "#0"},
				"east": {"uv": [0, 0, 0, 7.31429], "texture": "#0"},
				"south": {"uv": [4.04911, 4.73661, 10.90625, 11.59375], "texture": "#1"},
				"west": {"uv": [0, 0, 0, 7.31429], "texture": "#0"},
				"up": {"uv": [0, 0, 7.31429, 0], "texture": "#0"},
				"down": {"uv": [0, 0, 7.31429, 0], "texture": "#0"}
			}
		}
	]
}