{
	"credit": "Made with Blockbench",
	"texture_size": [144, 192],
	"textures": {
		"0": "item/map_object/shipping_container",
		"particle": "item/map_object/shipping_container"
	},
	"elements": [
		{
			"from": [-10, 0, 0],
			"to": [26, 16, 16],
			"rotation": {"angle": 0, "axis": "y", "origin": [0, 0, -10]},
			"faces": {
				"north": {"uv": [0, 0, 16, 5.33333], "texture": "#0"},
				"east": {"uv": [0, 5.33333, 7.11111, 10.66667], "texture": "#0"},
				"south": {"uv": [0, 0, 16, 5.33333], "texture": "#0"},
				"west": {"uv": [0, 5.33333, 7.11111, 10.66667], "texture": "#0"},
				"up": {"uv": [16, 10.66667, 0, 16], "texture": "#0"},
				"down": {"uv": [16, 10.66667, 0, 16], "rotation": 180, "texture": "#0"}
			}
		}
	],
	"display": {}
}