{
    "providers": [
        {
            "type": "bitmap",
            "file": "minecraft:font/ascii_shadow.png",
            "ascent": 7,
            "height": 9,
            "chars": [
                "∆!\"#$%&'()*+,-./",
                "0123456789:;<=>?",
                "@ABCDEFGHIJKLMNO",
                "PQRSTUVWXYZ[\\]^_",
                "`abcdefghijklmno",
                "pqrstuvwxyz{|}~∑"
            ]
        },
        {
            "type": "space",
            "advances": {
                " ": 4
            }
        }
    ]
}