{
    "compile": {
        "ascentOffsets": [-122,-4]
    },
    "providers": [
        {
            "type": "bitmap",
            "file": "minecraft:font/ascii_reduced.png",
            "ascent": 7,
            "height": 8,
            "chars": [
                "∆!\"#$%&'()*+,-./",
                "0123456789:;<=>?",
                "@ABCDEFGHIJKLMNO",
                "PQRSTUVWXYZ[\\]^_",
                "`abcdefghijklmno",
                "pqrstuvwxyz{|}~∑"
            ]
        },
        {
            "type": "space",
            "advances": {
                "󏿾": -2,
                " ": 4
            }
        }
    ]
}