{
    "providers": [
        {
            "type": "bitmap",
            "file": "minecraft:misc/brnoise_1.png",
            "ascent": 512,
            "height": 1024,
            "chars": ["1"]
        },
        {
            "type": "bitmap",
            "file": "minecraft:misc/brnoise_2.png",
            "ascent": 512,
            "height": 1024,
            "chars": ["2"]
        },
        {
            "type": "bitmap",
            "file": "minecraft:misc/brnoise_3.png",
            "ascent": 512,
            "height": 1024,
            "chars": ["3"]
        }
    ]
}