{
    "providers": [
        {
            "type": "bitmap",
            "file": "minecraft:ui/chat/kill_streak_text.png",
            "ascent": 8,
            "height": 9,
            "chars": ["Â1234567890"]
        },
        {
            "type": "bitmap",
            "file": "minecraft:ui/chat/kill_streak_cap.png",
            "ascent": 8,
            "height": 9,
            "chars": ["\\","/"]
        },
        {
            "type": "space",
            "advances": {
                "󏿿": -1,
                " ": 6
            }
        }
    ]
}