{
    "providers": [
        {
            "type": "bitmap",
            "file": "minecraft:font/menu_title.png",
            "ascent": -45,
            "height": 12,
            "chars": [
                "∆!\"#$%&'()*+,-./",
                "0123456789:;<=>?",
                "@ABCDEFGHIJKLMNO",
                "PQRSTUVWXYZ[\\]^_",
                "`abcdefghijklmno",
                "pqrstuvwxyz{|}~∑"
            ]
        },
        {
            "type": "space",
            "advances": {
                "󏿾": -2,
                " ": 6
            }
        }
    ]
}