{"providers":[{"type":"bitmap","file":"minecraft:font/place_entry_2.png","ascent":-38,"height":12,"chars":["∆!\"#$%&'()*+,-./","0123456789:;<=>?","@ABCDEFGHIJKLMNO","PQRSTUVWXYZ[\\]^_","`abcdefghijklmno","pqrstuvwxyz{|}~█"]},{"type":"bitmap","file":"minecraft:ui/menus/icons/silver_trophy.png","ascent":-38,"height":10,"chars":["†"]},{"type":"bitmap","file":"minecraft:ui/menus/leaderboard_place_2.png","ascent":-37,"height":15,"chars":["π"]},{"type":"space","advances":{"󏿾":-2," ":6},"ascent":-38}]}