{"providers":[{"type":"bitmap","file":"minecraft:font/place_entry_3.png","ascent":-80,"height":12,"chars":["∆!\"#$%&'()*+,-./","0123456789:;<=>?","@ABCDEFGHIJKLMNO","PQRSTUVWXYZ[\\]^_","`abcdefghijklmno","pqrstuvwxyz{|}~█"]},{"type":"bitmap","file":"minecraft:ui/menus/icons/bronze_trophy.png","ascent":-80,"height":10,"chars":["†"]},{"type":"bitmap","file":"minecraft:ui/menus/leaderboard_place_3.png","ascent":-79,"height":14,"chars":["π"]},{"type":"space","advances":{"󏿾":-2," ":6},"ascent":-80}]}