{"providers":[{"type":"bitmap","file":"minecraft:font/stats_entry.png","ascent":-38,"height":12,"chars":["∆!\"#$%&'()*+,-./","0123456789:;<=>?","@ABCDEFGHIJKLMNO","PQRSTUVWXYZ[\\]^_","`abcdefghijklmno","pqrstuvwxyz{|}~█"]},{"type":"bitmap","file":"minecraft:ui/stats_icons/kills.png","ascent":-35,"height":16,"chars":["˚"]},{"type":"bitmap","file":"minecraft:ui/stats_icons/deaths.png","ascent":-35,"height":16,"chars":["∂"]},{"type":"bitmap","file":"minecraft:ui/stats_icons/killstreak.png","ascent":-35,"height":16,"chars":["ß"]},{"type":"bitmap","file":"minecraft:ui/stats_icons/playtime.png","ascent":-35,"height":16,"chars":["ç"]},{"type":"bitmap","file":"minecraft:ui/stats_icons/powerups.png","ascent":-35,"height":16,"chars":["π"]},{"type":"bitmap","file":"minecraft:ui/menus/leaderboard_category_buttons.png","ascent":-34,"height":18,"chars":["Ò¬"]},{"type":"space","advances":{"󏿾":-2," ":6},"ascent":-38}]}