{
    "providers": [
        {
            "type": "bitmap",
            "file": "minecraft:font/ten_font.png",
            "ascent": 8,
            "height": 12,
            "chars": [
                "ABCDEFGHIJKLM",
                "NOPQRSTUVWXYZ",
                "0123456789!\"#",
                "%&'()*+,-./:;",
                "=?_≈√∫˜µ≤≥∂ƒ©"
            ]
        },
        {
            "type": "space",
            "advances": {
                " ": 6
            }
        }
    ]
}