{
    "providers": [
        {
            "type": "bitmap",
            "file": "minecraft:font/ten_font_outline.png",
            "ascent": 8,
            "height": 15,
            "chars": [
                "ABCDEFGHIJKLM",
                "NOPQRSTUVWXYZ",
                "0123456789!\"#",
                "%&'()*+,-./:;",
                "=?_≈√∫kµ≤≥∂ƒ©"
            ]
        },
        {
            "type": "space",
            "advances": {
                "󏿾": -2,
                "󏿿": -1,
                " ": 6
            }
        }
    ]
}