{
	"credit": "Made with Blockbench",
	"textures": {
		"0": "item/bright_ladder",
		"particle": "item/bright_ladder"
	},
	"elements": [
		{
			"from": [6, -16, 6.125],
			"to": [10, -12, 6.175],
			"rotation": {"angle": 0, "axis": "y", "origin": [8, 8, 6.125]},
			"faces": {
				"north": {"uv": [0, 0, 16, 16], "texture": "#0"},
				"east": {"uv": [0, 0, 0.5, 0.5], "texture": "#0"},
				"south": {"uv": [0, 0, 16, 16], "texture": "#0"},
				"west": {"uv": [0, 0, 0.5, 0.5], "texture": "#0"},
				"up": {"uv": [0, 0, 0.5, 0.5], "texture": "#0"},
				"down": {"uv": [0, 0, 0.5, 0.5], "texture": "#0"}
			}
		}
	]
}