{
  "parent": "minecraft:item/generated",
  "textures": {
    "layer0": "minecraft:block/ladder"
  },
  "overrides": [
    {"predicate": {"custom_model_data":1}, "model": "minecraft:item/ladder/ladder_1"},
    {"predicate": {"custom_model_data":2}, "model": "minecraft:item/ladder/ladder_2"},
    {"predicate": {"custom_model_data":4}, "model": "minecraft:item/ladder/ladder_4"},
    {"predicate": {"custom_model_data":8}, "model": "minecraft:item/ladder/ladder_8"},
    {"predicate": {"custom_model_data":12}, "model": "minecraft:item/ladder/ladder_12"}
  ]
}