{
  "parent": "minecraft:item/generated",
  "textures": {
    "layer0": "minecraft:item/netherite_upgrade_smithing_template"
  },
  "overrides": [
    {"predicate": {"custom_model_data":1}, "model": "minecraft:item/powerup/absorption"},
    {"predicate": {"custom_model_data":2}, "model": "minecraft:item/powerup/overcharge"},
    {"predicate": {"custom_model_data":3}, "model": "minecraft:item/powerup/ammo"},
    {"predicate": {"custom_model_data":4}, "model": "minecraft:item/powerup/voidhook"}
  ]
}