{
    "parent": "minecraft:item/template_skull",
    "overrides": [
        {"predicate": {"custom_model_data":2}, "model": "minecraft:item/player_icon"},
        {"predicate": {"custom_model_data":3}, "model": "minecraft:item/player_icon_large"},
        {"predicate": {"custom_model_data":4}, "model": "minecraft:item/player_icon_small"},
        {"predicate": {"custom_model_data":101}, "model": "minecraft:item/leaderboard/player_icon_1"},
        {"predicate": {"custom_model_data":102}, "model": "minecraft:item/leaderboard/player_icon_2"},
        {"predicate": {"custom_model_data":103}, "model": "minecraft:item/leaderboard/player_icon_3"},
        {"predicate": {"custom_model_data":104}, "model": "minecraft:item/leaderboard/player_icon_4"},
        {"predicate": {"custom_model_data":105}, "model": "minecraft:item/leaderboard/player_icon_5"},
        {"predicate": {"custom_model_data":106}, "model": "minecraft:item/leaderboard/player_icon_6"},
        {"predicate": {"custom_model_data":107}, "model": "minecraft:item/leaderboard/player_icon_7"},
        {"predicate": {"custom_model_data":108}, "model": "minecraft:item/leaderboard/player_icon_8"},
        {"predicate": {"custom_model_data":109}, "model": "minecraft:item/leaderboard/player_icon_9"},
        {"predicate": {"custom_model_data":110}, "model": "minecraft:item/leaderboard/player_icon_10"},
        {"predicate": {"custom_model_data":1000}, "model": "minecraft:item/template_skull"}
    ]
}