{
	"credit": "Made with Blockbench",
	"parent": "minecraft:item/template_skull",
	"elements": [
		{
			"from": [0, 0, 0],
			"to": [2, 2, 2],
			"color": 8,
			"faces": {
				"north": {"uv": [0, 0, 2, 2], "texture": "#missing"},
				"east": {"uv": [0, 0, 2, 2], "texture": "#missing"},
				"south": {"uv": [0, 0, 2, 2], "texture": "#missing"},
				"west": {"uv": [0, 0, 2, 2], "texture": "#missing"},
				"up": {"uv": [0, 0, 2, 2], "texture": "#missing"},
				"down": {"uv": [0, 0, 2, 2], "texture": "#missing"}
			}
		}
	],
	"gui_light": "front",
	"display": {
		"gui": {
			"translation": [0, 7.75, 0],
			"scale": [1.90476, 1.90476, 1.90476]
		}
	}
}