{
    "parent": "minecraft:item/generated",
    "textures": {
      "layer0": "minecraft:block/sunflower_front"
    },
    "overrides": [
        {"predicate": {"custom_model_data":1}, "model": "minecraft:ui/stats_icons/kills"},
        {"predicate": {"custom_model_data":2}, "model": "minecraft:ui/stats_icons/deaths"},
        {"predicate": {"custom_model_data":3}, "model": "minecraft:ui/stats_icons/killstreak"},
        {"predicate": {"custom_model_data":4}, "model": "minecraft:ui/stats_icons/playtime"},
        {"predicate": {"custom_model_data":5}, "model": "minecraft:ui/stats_icons/powerups"}
    ]
  }