{
    "parent": "minecraft:item/generated",
    "textures": {
      "layer0": "minecraft:block/sunflower_front"
    },
    "overrides": [
        {"predicate": {"custom_model_data":1}, "model": "minecraft:voidling/grappling_hook"},
        {"predicate": {"custom_model_data":100}, "model": "minecraft:voidling/eye_core"},
        {"predicate": {"custom_model_data":101}, "model": "minecraft:voidling/background_1"},
        {"predicate": {"custom_model_data":111}, "model": "minecraft:voidling/pupil_normal"},
        {"predicate": {"custom_model_data":112}, "model": "minecraft:voidling/pupil_alert"}
    ]
  }