{"compile":{"ascentOffsets":[-24,-62,-80,-98]},"providers":[{"type":"bitmap","file":"minecraft:font/place_entry_1.png","ascent":0,"height":12,"chars":["∆!\"#$%&'()*+,-./","0123456789:;<=>?","@ABCDEFGHIJKLMNO","PQRSTUVWXYZ[\\]^_","`abcdefghijklmno","pqrstuvwxyz{|}~█"]},{"type":"bitmap","file":"minecraft:ui/menus/icons/gold_trophy.png","ascent":0,"height":10,"chars":["†"]},{"type":"bitmap","file":"minecraft:ui/menus/leaderboard_place_1.png","ascent":1,"height":15,"chars":["π"]},{"type":"space","advances":{"󏿾":-2," ":6}}]}