{
    "entity.player.attack.nodamage": {
        "replace": true,
        "sounds": ["silent"]
    },
    "entity.player.attack.knockback": {
        "replace": true,
        "sounds": ["silent"]
    },
    "backrooms.ambient.ac": {
        "sounds": [{"name":"ac","volume":0.25}]
    },
    "backrooms.ambient.buzz": {
        "sounds": [{"name":"buzz","attenuation_distance":3,"volume":4}]
    },
    "backrooms.entity.ambient": {
        "sounds": [{"name":"v_ambient","attenuation_distance":25,"volume":1}]
    },
    "backrooms.entity.angry": {
        "sounds": [{"name":"v_angry","attenuation_distance":32,"volume":1}]
    },
    "backrooms.entity.start_chase": {
        "sounds": [{"name":"v_start_chase","attenuation_distance":32,"volume":1}]
    },
    "backrooms.entity.end_chase": {
        "sounds": [{"name":"v_end_chase","attenuation_distance":32,"volume":1}]
    }
}