{
    "entity.player.attack.nodamage": {
        "replace": true,
        "sounds": ["silent"]
    },
    "entity.player.attack.knockback": {
        "replace": true,
        "sounds": ["silent"]
    },
    "backrooms.ambient.ac": {
        "sounds": [{"name":"ac","volume":0.5}]
    },
    "backrooms.ambient.buzz": {
        "sounds": [{"name":"buzz","attenuation_distance":12,"volume":0.25}]
    },
    "backrooms.entity.ambient": {
        "sounds": [{"name":"v_ambient","attenuation_distance":25,"volume":1}]
    },
    "backrooms.entity.angry": {
        "sounds": [{"name":"v_angry","attenuation_distance":32,"volume":1}]
    },
    "backrooms.entity.start_chase": {
        "sounds": [{"name":"v_start_chase","attenuation_distance":64,"volume":1}]
    },
    "backrooms.entity.end_chase": {
        "sounds": [{"name":"v_end_chase","attenuation_distance":32,"volume":1}]
    },
    "backrooms.entity.hurt": {
        "sounds": [
            {"name":"v_hurt_1","attenuation_distance":64,"volume":1.5},
            {"name":"v_hurt_2","attenuation_distance":64,"volume":1.5},
            {"name":"v_hurt_3","attenuation_distance":64,"volume":1.5}
        ]
    },
    "backrooms.ring": {
        "sounds": ["ring"]
    },
    "backrooms.tweak": {
        "sounds": [{"name":"tweaking","attenuation_distance":16}]
    }
}