{"compile":{"ascentOffsets":[-62,-80,-98]},"providers":[{"type":"bitmap","file":"minecraft:font/stats_entry.png","ascent":0,"height":12,"chars":["∆!\"#$%&'()*+,-./","0123456789:;<=>?","@ABCDEFGHIJKLMNO","PQRSTUVWXYZ[\\]^_","`abcdefghijklmno","pqrstuvwxyz{|}~∑"]},{"type":"bitmap","file":"minecraft:ui/stats_icons/kills.png","ascent":3,"height":16,"chars":["˚"]},{"type":"bitmap","file":"minecraft:ui/stats_icons/deaths.png","ascent":3,"height":16,"chars":["∂"]},{"type":"bitmap","file":"minecraft:ui/stats_icons/killstreak.png","ascent":3,"height":16,"chars":["ß"]},{"type":"bitmap","file":"minecraft:ui/stats_icons/playtime.png","ascent":3,"height":16,"chars":["ç"]},{"type":"bitmap","file":"minecraft:ui/stats_icons/powerups.png","ascent":3,"height":16,"chars":["π"]},{"type":"space","advances":{"󏿾":-2," ":6}}]}