{
	"format_version": "1.21.6",
	"credit": "Made with Blockbench",
	"texture_size": [32, 36],
	"textures": {
		"0": "item/voidling/grappling_hook",
		"particle": "item/voidling/grappling_hook"
	},
	"elements": [
		{
			"from": [8, 0, 12],
			"to": [8, 18, 16],
			"shade": false,
			"light_emission": 15,
			"faces": {
				"north": {"uv": [0, 0, 0, 7.11111], "texture": "#missing"},
				"east": {"uv": [0, 0, 16, 16], "texture": "#0"},
				"south": {"uv": [0, 0, 0, 7.11111], "texture": "#missing"},
				"west": {"uv": [16, 0, 0, 16], "texture": "#0"},
				"up": {"uv": [0, 0, 0, 7.11111], "texture": "#missing"},
				"down": {"uv": [0, 0, 0, 7.11111], "texture": "#missing"}
			}
		},
		{
			"from": [-1, 9, 12],
			"to": [17, 9, 16],
			"shade": false,
			"light_emission": 15,
			"rotation": {"angle": 0, "axis": "y", "origin": [8, 9, 8]},
			"faces": {
				"north": {"uv": [0, 0, 0, 7.11111], "rotation": 270, "texture": "#missing"},
				"east": {"uv": [0, 0, 0, 7.11111], "rotation": 90, "texture": "#missing"},
				"south": {"uv": [0, 0, 0, 7.11111], "rotation": 90, "texture": "#missing"},
				"west": {"uv": [0, 0, 0, 7.11111], "rotation": 90, "texture": "#missing"},
				"up": {"uv": [16, 0, 0, 16], "rotation": 90, "texture": "#0"},
				"down": {"uv": [0, 0, 16, 16], "rotation": 90, "texture": "#0"}
			}
		},
		{
			"from": [-1, 9, 8],
			"to": [17, 9, 12],
			"shade": false,
			"light_emission": 15,
			"rotation": {"angle": 0, "axis": "y", "origin": [8, 9, 4]},
			"faces": {
				"north": {"uv": [0, 0, 0, 7.11111], "rotation": 270, "texture": "#missing"},
				"east": {"uv": [0, 0, 0, 7.11111], "rotation": 90, "texture": "#missing"},
				"south": {"uv": [0, 0, 0, 7.11111], "rotation": 90, "texture": "#missing"},
				"west": {"uv": [0, 0, 0, 7.11111], "rotation": 90, "texture": "#missing"},
				"up": {"uv": [16, 0, 0, 16], "rotation": 90, "texture": "#0"},
				"down": {"uv": [0, 0, 16, 16], "rotation": 90, "texture": "#0"}
			}
		},
		{
			"from": [8, 0, 8],
			"to": [8, 18, 12],
			"shade": false,
			"light_emission": 15,
			"rotation": {"angle": 0, "axis": "y", "origin": [0, 0, -4]},
			"faces": {
				"north": {"uv": [0, 0, 0, 7.11111], "texture": "#missing"},
				"east": {"uv": [0, 0, 16, 16], "texture": "#0"},
				"south": {"uv": [0, 0, 0, 7.11111], "texture": "#missing"},
				"west": {"uv": [16, 0, 0, 16], "texture": "#0"},
				"up": {"uv": [0, 0, 0, 7.11111], "texture": "#missing"},
				"down": {"uv": [0, 0, 0, 7.11111], "texture": "#missing"}
			}
		},
		{
			"from": [-1, 9, 4],
			"to": [17, 9, 8],
			"shade": false,
			"light_emission": 15,
			"rotation": {"angle": 0, "axis": "y", "origin": [8, 9, 0]},
			"faces": {
				"north": {"uv": [0, 0, 0, 7.11111], "rotation": 270, "texture": "#missing"},
				"east": {"uv": [0, 0, 0, 7.11111], "rotation": 90, "texture": "#missing"},
				"south": {"uv": [0, 0, 0, 7.11111], "rotation": 90, "texture": "#missing"},
				"west": {"uv": [0, 0, 0, 7.11111], "rotation": 90, "texture": "#missing"},
				"up": {"uv": [16, 0, 0, 16], "rotation": 90, "texture": "#0"},
				"down": {"uv": [0, 0, 16, 16], "rotation": 90, "texture": "#0"}
			}
		},
		{
			"from": [8, 0, 4],
			"to": [8, 18, 8],
			"shade": false,
			"light_emission": 15,
			"rotation": {"angle": 0, "axis": "y", "origin": [0, 0, -8]},
			"faces": {
				"north": {"uv": [0, 0, 0, 7.11111], "texture": "#missing"},
				"east": {"uv": [0, 0, 16, 16], "texture": "#0"},
				"south": {"uv": [0, 0, 0, 7.11111], "texture": "#missing"},
				"west": {"uv": [16, 0, 0, 16], "texture": "#0"},
				"up": {"uv": [0, 0, 0, 7.11111], "texture": "#missing"},
				"down": {"uv": [0, 0, 0, 7.11111], "texture": "#missing"}
			}
		},
		{
			"from": [-1, 9, 0],
			"to": [17, 9, 4],
			"shade": false,
			"light_emission": 15,
			"rotation": {"angle": 0, "axis": "y", "origin": [8, 9, -4]},
			"faces": {
				"north": {"uv": [0, 0, 0, 7.11111], "rotation": 270, "texture": "#missing"},
				"east": {"uv": [0, 0, 0, 7.11111], "rotation": 90, "texture": "#missing"},
				"south": {"uv": [0, 0, 0, 7.11111], "rotation": 90, "texture": "#missing"},
				"west": {"uv": [0, 0, 0, 7.11111], "rotation": 90, "texture": "#missing"},
				"up": {"uv": [16, 0, 0, 16], "rotation": 90, "texture": "#0"},
				"down": {"uv": [0, 0, 16, 16], "rotation": 90, "texture": "#0"}
			}
		},
		{
			"from": [8, 0, 0],
			"to": [8, 18, 4],
			"shade": false,
			"light_emission": 15,
			"rotation": {"angle": 0, "axis": "y", "origin": [0, 0, -12]},
			"faces": {
				"north": {"uv": [0, 0, 0, 7.11111], "texture": "#missing"},
				"east": {"uv": [0, 0, 16, 16], "texture": "#0"},
				"south": {"uv": [0, 0, 0, 7.11111], "texture": "#missing"},
				"west": {"uv": [16, 0, 0, 16], "texture": "#0"},
				"up": {"uv": [0, 0, 0, 7.11111], "texture": "#missing"},
				"down": {"uv": [0, 0, 0, 7.11111], "texture": "#missing"}
			}
		}
	]
}