{
	"credit": "Made with Blockbench",
	"ambientocclusion": false,
	"textures": {
		"0": "block/ceiling_light_off",
		"particle": "block/ceiling_light_off"
	},
	"elements": [
		{
			"from": [0, 15.5, 0],
			"to": [15, 16, 15],
			"rotation": {"angle": 0, "axis": "y", "origin": [0, 0.5, 0]},
			"faces": {
				"north": {"uv": [1, 1, 16, 2], "texture": "#0"},
				"east": {"uv": [15, 1, 16, 16], "texture": "#0"},
				"south": {"uv": [1, 15, 16, 16], "texture": "#0"},
				"west": {"uv": [1, 1, 2, 16], "texture": "#0"},
				"up": {"uv": [1, 1, 16, 16], "texture": "#0"},
				"down": {"uv": [1, 1, 16, 16], "texture": "#0"}
			}
		},
		{
			"from": [15, 15.5, 0],
			"to": [16, 16, 16],
			"rotation": {"angle": 0, "axis": "y", "origin": [1, 0, 0]},
			"faces": {
				"north": {"uv": [0, 0, 1, 1], "texture": "#0"},
				"east": {"uv": [0, 0, 16, 1], "texture": "#0"},
				"south": {"uv": [0, 0, 1, 1], "texture": "#0"},
				"west": {"uv": [0, 0, 16, 1], "texture": "#0"},
				"up": {"uv": [0, 1, 1, 16], "texture": "#0"},
				"down": {"uv": [0, 1, 1, 16], "texture": "#0"}
			}
		},
		{
			"from": [0, 15.5, 15],
			"to": [15, 16, 16],
			"rotation": {"angle": 0, "axis": "y", "origin": [0, 0, 1]},
			"faces": {
				"north": {"uv": [0, 0, 16, 1], "texture": "#0"},
				"east": {"uv": [15, 0, 16, 1], "texture": "#0"},
				"south": {"uv": [1, 0, 16, 1], "texture": "#0"},
				"west": {"uv": [15, 0, 16, 1], "texture": "#0"},
				"up": {"uv": [1, 0, 16, 1], "texture": "#0"},
				"down": {"uv": [1, 0, 16, 1], "texture": "#0"}
			}
		}
	]
}